avg(pos),avg(neg)
0.39510021991105915,0.8912267089304678
